n,k,s,time,error
0,2,32,1.436627,168.266712
1,3,256,94.76285,2058.513895
2,4,2048,7836.314434,21588.409336