n,k,s,time,error
0,2,32,0.002167,9.893376
1,3,256,0.18169,287.397327
2,4,2048,0.101239,3557.652625