"n",rozmiar,operacje addytywne,operacje multiplikatywne,wszystkie operacje zmiennoprzecinkowe,czas wykonania
0,4,60,54,114,0.001177
1,8,832,438,1270,0.006409
2,16,8240,3228,11468,0.043480
3,32,69764,22866,92630,0.310992
4,64,543328,159924,703252,3.178278
5,128,4040148,1115538,5155686,21.205492
6,256,29269632,7784388,37054020,162.948553
7,512,208938868,54372066,263310934,1115.711659
