"n",rozmiar,operacje addytywne,operacje multiplikatywne,wszystkie operacje zmiennoprzecinkowe,czas wykonania
0,4,60,51,111,0.001200
1,8,832,431,1263,0.007110
2,16,8240,3213,11453,0.054933
3,32,69764,22835,92599,0.423226
4,64,543328,159861,703189,3.556670
5,128,4040148,1115411,5155559,22.379935
6,256,29269632,7784133,37053765,158.050221
7,512,208938868,54371555,263310423,1093.819095
