"n",rozmiar,operacje addytywne,operacje multiplikatywne,wszystkie operacje zmiennoprzecinkowe,czas wykonania
0,4,62,69,131,0.001145
1,8,1018,587,1605,0.010178
2,16,10576,4341,14917,0.086105
3,32,90962,30707,121669,0.565409
4,64,712536,214533,927069,4.449985
5,128,5310786,1495715,6806501,32.035126
6,256,38514632,10435317,48949949,225.179765
7,512,275067634,72883379,347951013,1554.568073
