"n",ile zer,sygmy
0,0.99,"[5.85679287232922, 4.007518269955654, 3.9070822161459877, 3.897335513698655, 3.8519275409105544, 3.8320079204992368, 3.822219481785736, 3.7895591971730083, 3.772110145698702, 3.758777175967531, 3...."
1,0.98,"[11.018371465905318, 5.372072624857488, 5.326901148108465, 5.278814822926516, 5.25011490494196, 5.241581419921992, 5.223274704479276, 5.197885129717711, 5.1916964278165025, 5.170503106219344, 5.15..."
2,0.95,"[26.110064114684196, 8.25132536687747, 8.15997147486609, 8.087799140791029, 8.03137340250609, 8.027552371844807, 7.96139649947693, 7.946145755201045, 7.910708365414346, 7.875893163550396, 7.870770..."
3,0.90,"[51.53429610094235, 11.264157060215567, 11.168210999131793, 11.056250197015459, 11.023895778348017, 11.008631683541125, 10.974769581437672, 10.911991691853192, 10.87844764011493, 10.84768980755580..."
4,0.80,"[102.8078877531963, 15.126354271904834, 15.058937664628624, 15.008520420276321, 14.9681802177757, 14.880949297568812, 14.82998120260895, 14.784479204000036, 14.762997753865788, 14.727064831178524,..."
