"n",rozmiar,operacje addytywne,operacje multiplikatywne,wszystkie operacje zmiennoprzecinkowe,czas wykonania
0,4,62,72,134,0.002701
1,8,1018,594,1612,0.015897
2,16,10576,4356,14932,0.101679
3,32,90962,30738,121700,1.445360
4,64,712536,214596,927132,5.064898
5,128,5310786,1495842,6806628,35.039661
6,256,38514632,10435572,48950204,255.147330
7,512,275067634,72883890,347951524,1771.125482
