"n",rozmiar,operacje addytywne,operacje multiplikatywne,wszystkie operacje zmiennoprzecinkowe,czas wykonania
0,4,126,102,228,0.001025
1,8,1588,726,2314,0.011059
2,16,14400,5010,19410,0.080217
3,32,114856,34542,149398,0.530120
4,64,862056,239202,1101258,5.603233
5,128,6270328,1663086,7933414,33.094046
6,256,44843400,11594370,56437770,236.112997
7,512,317722936,80967822,398690758,1749.358699
