"n",rozmiar,operacje addytywne,operacje multiplikatywne,wszystkie operacje zmiennoprzecinkowe,czas wykonania
0,4,90,75,165,0.001377
1,8,1120,525,1645,0.007125
2,16,10116,3579,13695,0.048342
3,32,80548,24477,105025,0.376912
4,64,604044,168651,772695,2.319019
5,128,4391668,1169037,5560705,21.914198
6,256,31400172,8135643,39535815,156.464070
7,512,222445300,56755965,279201265,1115.814010
