"n",rozmiar,operacje addytywne,operacje multiplikatywne,wszystkie operacje zmiennoprzecinkowe,czas wykonania
0,4,36,33,69,0.000980
1,8,520,285,805,0.003798
2,16,5258,2127,7385,0.027736
3,32,44984,15057,60041,0.190411
4,64,352258,104967,457225,1.640426
5,128,2627112,730065,3357177,13.643214
6,256,19063698,5084151,24147849,100.215904
7,512,136209016,35465793,171674809,719.570205
